-- phpMyAdmin SQL Dump
-- version 5.2.1
-- https://www.phpmyadmin.net/
--
-- Servidor: 127.0.0.1
-- Tiempo de generación: 23-06-2025 a las 23:11:16
-- Versión del servidor: 10.4.32-MariaDB
-- Versión de PHP: 8.2.12

SET SQL_MODE = "NO_AUTO_VALUE_ON_ZERO";
START TRANSACTION;
SET time_zone = "+00:00";


/*!40101 SET @OLD_CHARACTER_SET_CLIENT=@@CHARACTER_SET_CLIENT */;
/*!40101 SET @OLD_CHARACTER_SET_RESULTS=@@CHARACTER_SET_RESULTS */;
/*!40101 SET @OLD_COLLATION_CONNECTION=@@COLLATION_CONNECTION */;
/*!40101 SET NAMES utf8mb4 */;

--
-- Base de datos: `serprosep_interno`
--

-- --------------------------------------------------------

--
-- Estructura de tabla para la tabla `catalogo`
--

CREATE TABLE `catalogo` (
  `id` int(10) NOT NULL,
  `descripcion` varchar(255) NOT NULL
) ENGINE=InnoDB DEFAULT CHARSET=utf8mb4 COLLATE=utf8mb4_general_ci;

--
-- Volcado de datos para la tabla `catalogo`
--

INSERT INTO `catalogo` (`id`, `descripcion`) VALUES
(1, 'Escolaridad'),
(2, 'Estado Civil'),
(3, 'Tipo de Sangre'),
(4, 'Genero'),
(5, 'Lugar de nacimiento'),
(6, 'Evaluaciones '),
(7, 'Horarios'),
(8, 'Servicios'),
(9, 'Periodicidad'),
(10, 'Puesto'),
(11, 'Zona'),
(12, 'Unidad de negocio'),
(13, 'Empresa'),
(14, 'status'),
(15, 'Institucion Bancaria');

-- --------------------------------------------------------

--
-- Estructura de tabla para la tabla `empleados`
--

CREATE TABLE `empleados` (
  `id` int(10) NOT NULL,
  `no_empleado` varchar(50) DEFAULT NULL,
  `id_unidad_negocio` int(10) DEFAULT NULL,
  `id_regional` int(10) DEFAULT NULL,
  `id_zona` int(10) DEFAULT NULL,
  `id_empresa` int(10) DEFAULT NULL,
  `id_servicio` int(10) DEFAULT NULL,
  `curp` varchar(20) DEFAULT NULL,
  `rfc` varchar(15) DEFAULT NULL,
  `CP_fiscal` varchar(5) NOT NULL,
  `nss` varchar(12) DEFAULT NULL,
  `fecha_ingreso` date DEFAULT NULL,
  `paterno` varchar(255) DEFAULT NULL,
  `materno` varchar(255) DEFAULT NULL,
  `nombre` varchar(255) DEFAULT NULL,
  `id_turno` int(2) DEFAULT NULL,
  `id_puesto` int(10) DEFAULT NULL,
  `sueldo` decimal(10,2) DEFAULT NULL,
  `id_periocidad` int(10) DEFAULT NULL,
  `cuenta` varchar(10) DEFAULT NULL,
  `clave_interbancaria` varchar(20) DEFAULT NULL,
  `id_banco` int(10) DEFAULT NULL,
  `estatus` int(10) DEFAULT NULL
) ENGINE=InnoDB DEFAULT CHARSET=utf8mb4 COLLATE=utf8mb4_general_ci;

--
-- Volcado de datos para la tabla `empleados`
--

INSERT INTO `empleados` (`id`, `no_empleado`, `id_unidad_negocio`, `id_regional`, `id_zona`, `id_empresa`, `id_servicio`, `curp`, `rfc`, `CP_fiscal`, `nss`, `fecha_ingreso`, `paterno`, `materno`, `nombre`, `id_turno`, `id_puesto`, `sueldo`, `id_periocidad`, `cuenta`, `clave_interbancaria`, `id_banco`, `estatus`) VALUES
(1, '230473', 0, 0, 0, 0, 0, 'GOJM850101HDFRRL03', 'GOJM850101ABC', '', '12345678901', '2025-06-02', 'González', 'Martínez', 'Juan', 0, 0, 12500.00, 0, '0001234567', '123456789012345678', 0, 1),
(3, '301006', 0, 0, 0, 0, 0, 'MAFE990706HMCDRLR05', 'MAFE9900706DU3', '', '12345678901', '2025-06-02', 'Madrigal', 'Flores', 'Erick', 0, 0, 12500.00, 0, '0001234567', '123456789012345678', 0, 1),
(4, '301006', 0, 0, 0, 0, 0, 'GOJM850101HDFRRL03', 'GOJM850101ABC', '', '12345678901', '2025-06-02', 'Madrigal', 'Flores', 'Nestor', 0, 0, 12500.00, 0, '0001234567', '123456789012345678', 0, 1),
(5, '301006', 0, 0, 0, 0, 0, 'GOJM850101HDFRRL03', 'GOJM850101ABC', '', '12345678901', '2025-06-02', 'Madrigal', 'Flores', 'Angel', 0, 0, 12500.00, 0, '0001234567', '123456789012345678', 0, 1);

-- --------------------------------------------------------

--
-- Estructura de tabla para la tabla `logs`
--

CREATE TABLE `logs` (
  `id` int(10) NOT NULL,
  `id_empleado` int(10) NOT NULL,
  `id_usuario` int(10) NOT NULL,
  `fecha` datetime NOT NULL,
  `tipo` int(10) NOT NULL
) ENGINE=InnoDB DEFAULT CHARSET=utf8mb4 COLLATE=utf8mb4_general_ci;

-- --------------------------------------------------------

--
-- Estructura de tabla para la tabla `logs_usuarios`
--

CREATE TABLE `logs_usuarios` (
  `id` int(10) NOT NULL,
  `id_usuario` int(10) NOT NULL,
  `fecha_movimiento` datetime NOT NULL,
  `id_movimiento` int(10) NOT NULL,
  `id_logs` int(10) NOT NULL
) ENGINE=InnoDB DEFAULT CHARSET=utf8mb4 COLLATE=utf8mb4_general_ci;

-- --------------------------------------------------------

--
-- Estructura de tabla para la tabla `menu`
--

CREATE TABLE `menu` (
  `id` int(11) NOT NULL,
  `nombre` varchar(255) NOT NULL,
  `descripcion` varchar(255) NOT NULL,
  `ruta` varchar(255) NOT NULL,
  `id_rol` int(10) NOT NULL
) ENGINE=InnoDB DEFAULT CHARSET=utf8mb4 COLLATE=utf8mb4_general_ci;

-- --------------------------------------------------------

--
-- Estructura de tabla para la tabla `multicatalogo`
--

CREATE TABLE `multicatalogo` (
  `id` int(10) NOT NULL,
  `descripcion` text NOT NULL,
  `valor` text NOT NULL,
  `id_catalogo` int(10) NOT NULL
) ENGINE=InnoDB DEFAULT CHARSET=utf8mb4 COLLATE=utf8mb4_general_ci;

--
-- Volcado de datos para la tabla `multicatalogo`
--

INSERT INTO `multicatalogo` (`id`, `descripcion`, `valor`, `id_catalogo`) VALUES
(1, '', 'SERPROSEP', 13),
(2, '', 'MAXIMA GUIA', 13),
(3, '', 'ARMOURKING', 13),
(4, '', 'JUAREZ', 11),
(5, '', 'CONAFE SONORA', 11),
(6, '', 'CONAFE BAJA CALIFORNIA', 11),
(7, '', 'NAYARIT', 11),
(8, '', 'SINALOA', 11),
(9, '', 'SONORA', 11),
(10, '', 'ENSENADA', 11),
(11, '', 'TIJUANA', 11),
(12, '', 'MEXICALI', 11),
(13, '', 'NUEVO LEON', 11),
(14, '', 'SENASICA', 11),
(15, '', 'QUINTANA ROO', 11),
(16, '', 'MORELOS', 11),
(17, '', 'PACHUCA', 11),
(18, '', 'BODEGA TOLUCA ', 11),
(19, '', 'COAHUILA', 11),
(20, '', 'GUERRERO', 11),
(21, '', 'CDMX', 11),
(22, '', 'EDOMEX', 11),
(23, '', 'HIDALGO', 11),
(24, '', 'TLAXCALA', 11),
(25, '', 'PUEBLA', 11),
(26, '', 'TUXTLA GUTIERREZ, CHIAPAS.', 11),
(27, '', 'VILLAHERMOSA, TABASCO', 11),
(28, '', 'COORDINACION TERRITORIAL', 11),
(29, '', 'ALMACEN TERRITORIAL OAXACA', 11),
(30, '', 'SEDE REGIONAL DEL ZAPOTAL POCHUTLA OAXACA', 11),
(31, '', 'SEDE REGIONAL DE PUERTON ESCONDIDO OAXACA', 11),
(32, '', 'SEDE REGIONAL DE SAN GABRIEL MIXTEPEC OAXACA', 11),
(33, '', 'SEDE REGIONAL DE MIAHUATLAN OAXACA', 11),
(34, '', 'SEDE REGIONAL DE SAN MARTIN TOXPALAN OAXACA', 11),
(35, '', 'SEDXDE REGIONAL DE ARROYO CHOAPAM TUXTEPEC OAXACA', 11),
(36, '', 'SEDE REGIONAL DE TLAXICO MIXTECA OAXACA', 11),
(37, '', 'SEDE REGIONAL DE TEHUANTEPEC OAXACA', 11),
(38, '', 'SEDE REGIONAL DE SANTA CRUZ ITUNDUJIA OAXACA', 11),
(39, '', 'SEDE REGIONAL DE SAN LUCAS OJITLAN OAXACA', 11),
(40, '', 'SEDE REGIONAL AGUA ZARCA TLAXIACO OAXACA', 11),
(41, '', 'SEDE REGIONAL DE SAN ILDEFONSO SOLA', 11),
(42, '', 'VICTORIA', 11),
(43, '', 'DURANGO ALMACEN', 11),
(44, '', 'COORDINACION OFICINAS DURANGO', 11),
(45, '', 'ALMACEN NAYARIT', 11),
(46, '', 'CD.CONSTITUCUION', 11),
(47, '', 'LA PAZ', 11),
(48, '', 'COORDINACION CULIACAN ESTACIONAMIENTO', 11),
(49, '', 'OFICINAS TEPIC NAYARIT', 11),
(50, '', 'TEPIC NAYARIT', 11),
(51, '', 'OFICINAS CHIHUAHUA', 11),
(52, '', 'MIGUEL ALEMAN', 11),
(53, '', 'CONAFE AULAS NAVOLATO', 11),
(54, '', 'AULAS NAVOLATO', 11),
(55, '', 'OFICINA CENTRAL SINALOA', 11),
(56, '', 'GUASAVE', 11),
(57, '', 'EL FUERTE', 11),
(58, '', 'LEYVA', 11),
(59, '', 'CONAFE BADIRAGUATO', 11),
(60, '', 'CONAFE BODEGA HUMAYA CUL. SIN.', 11),
(61, '', 'CONAFE SINALOA DE LEYVA ', 11),
(62, '', 'CONAFE  EL FUERTE SINALOA ', 11),
(63, '', 'CONAFE EL FUERTE SINALOA ', 11),
(64, '', 'CONAFE CUBRE DESCANSOS', 11),
(65, '', 'CUBRE DESCANSOS CONAFE LOS NAYARIT', 11),
(66, '', 'CUBRE SINALOA', 11),
(67, '', 'CONAFE GUASAVE ', 11),
(68, '', 'COMODIN CONAFE TIJUANA', 11),
(69, '', 'CUBRE TURNOS CONAFE MEXICALI', 11),
(70, '', 'XALAPA VERACRUZ', 11),
(71, '', 'BANDERILLA-XALAPA', 11),
(72, '', 'YUCATAN', 11),
(73, '', 'CAMPECHE', 11),
(74, '', 'AGUASCALIENTES', 11),
(75, '', 'COLIMA', 11),
(76, '', 'GUANAJUATO', 11),
(77, '', 'JALISCO', 11),
(78, '', 'MICHOACAN', 11),
(79, '', 'QUERETARO', 11),
(80, '', 'SLP', 11),
(81, '', 'ZACATECAS', 11),
(82, '', 'YUC', 11),
(83, '', 'OAX', 11),
(84, '', 'COL', 11),
(85, '', 'MICH', 11),
(86, '', 'JAL', 11),
(87, '', 'QRO', 11),
(88, '', 'GTO', 11),
(89, '', 'CENTRO', 11),
(90, '', 'NORTE', 11),
(91, '', 'PONIENTE', 11),
(92, '', 'SUR', 11),
(93, '', 'METROPOLITANA', 11),
(94, '', 'BASE PATRIOTISMO', 11),
(95, '', 'MOR', 11),
(96, '', 'CENTRO ', 11),
(97, '', 'EXTRA ', 11),
(98, '', 'TABASCO', 11),
(99, '', 'CHIAPAS', 11),
(100, '', 'OAXACA', 11),
(101, '', 'TAMAULIPAS', 11),
(102, '', 'VERACRUZ', 11),
(103, '', 'SAN LUIS POTOSI', 11),
(104, '', 'CHIHUAHUA', 11),
(105, '', 'CHIHUCAHUA', 11),
(106, '', 'BAJA CALIFORNIA SUR', 11),
(107, '', 'DURANGO', 11),
(108, '', 'CD DEL CARMEN', 11),
(109, '', 'AICM', 11),
(110, '', 'ALMACEN', 11),
(111, '', 'AIFA', 11),
(112, '', 'QUERÉTARO', 11),
(113, '', 'HERMOSILLO', 11),
(114, '', 'SENASICA ESCUINAPA 2', 11),
(115, '', 'SENASICA ESCUINAPA 1', 11),
(116, '', 'VICENTE GUERRERO DURANGO', 11),
(117, '', 'COMODIN SENASICA 1 Y 2 ESCUINAPA', 11),
(118, '', 'MATAMOROS', 11),
(119, '', 'ALTAMIRA', 11),
(120, '', 'S.FERNANDO', 11),
(121, '', 'TULA', 11),
(122, '', 'NVO.LAREADO', 11),
(123, '', 'CANCUN', 11),
(124, '', 'MERIDA', 11),
(125, '', 'MÉRIDA', 11),
(126, '', 'CANCÚN', 11),
(127, '', 'CHETUMAL', 11),
(128, '', 'QUINTANA ROO', 11),
(129, '', 'YUCATÁN', 11),
(130, '', 'CIUDAD DE MÉXICO', 11),
(131, '', 'ESTADO DE MÉXICO', 11),
(132, '', 'EDO. DE MEX.', 11),
(133, '', 'MICHOACÁN', 11),
(134, '', 'EDO MEX', 11),
(135, '', 'MARNHOS', 11),
(136, '', 'OJO DE AGUA', 11),
(137, '', 'LOMA BONITA', 11),
(138, '', 'OZUMBILLA', 11),
(139, '', 'SAN FRANCISCO', 11),
(140, '', 'TECAMAC', 11),
(141, '', 'GLORIETA MILITAR', 11),
(142, '', 'CONBUSTIBLES', 11),
(143, '', 'HACIENDA', 11),
(144, '', 'TERMINAL DE PASAJEROS', 11),
(145, '', 'MONUMENTO A LA FAMILIA', 11),
(146, '', 'RIO DE LOS REMEDIOS', 11),
(147, '', 'LEON DE LOS ALDAMA', 11),
(148, '', 'CENTRO CULTURA', 11),
(149, '', 'PASEO VENTURA', 11),
(150, '', 'LIBERTADORES DE AMERICA', 11),
(151, '', 'RETORNO ORIENTE', 11),
(152, '', 'PANTITLAN', 11),
(153, '', 'CALLE 6', 11),
(154, '', 'CALLE 7', 11),
(155, '', 'CALLE 8', 11),
(156, '', 'CALLE 9', 11),
(157, '', 'EL BARQUITO', 11),
(158, '', 'MARAVILLAS', 11),
(159, '', 'VICENTE RIVA PALACIO', 11),
(160, '', 'VIRGENCITAS', 11),
(161, '', 'NEZAHUALCOYOTL', 11),
(162, '', 'LAGO DE CHAPALA', 11),
(163, '', 'ALDONFO LOPEZ MATEOS', 11),
(164, '', 'PALACIO MUNICIPAL', 11),
(165, '', 'SOR JUANA INES DE LA CRUZ', 11),
(166, '', 'EL CASTILLITO', 11),
(167, '', 'GENERAL VICENTE VILLADA', 11),
(168, '', 'RAYITO DE SOL', 11),
(169, '', 'LAS MAÑANITAS', 11),
(170, '', 'RANCHO GRANDE', 11),
(171, '', 'BORDO DE XOCHIACA', 11),
(172, '', 'LAS TORRES', 11),
(173, '', 'GUERRERO CHIMALLI', 11),
(174, '', 'LAS FLORES', 11),
(175, '', 'CANTEROS', 11),
(176, '', 'LA PRESA', 11),
(177, '', 'EMBARCADERO', 11),
(178, '', 'SANTA ELENA', 11),
(179, '', 'IGNACIO MANUEL ALTAMIRANO', 11),
(180, '', 'SAN PABLO', 11),
(181, '', 'LOS PATOS', 11),
(182, '', 'REFUGIO', 11),
(183, '', 'ACUITLAPILCO', 11),
(184, '', 'CENTRAL DE ABASTOS', 11),
(185, '', 'CHIMALHUACAN', 11),
(186, '', 'INDIOS VERDES', 11),
(187, '', 'PERIFERICO', 11),
(188, '', 'PUENTE MARTIN CARRERA', 11),
(189, '', 'CLINICA 76', 11),
(190, '', 'CLINICA 77', 11),
(191, '', 'CLINICA 78', 11),
(192, '', 'CLINICA 79', 11),
(193, '', 'CLINICA 80', 11),
(194, '', 'CLINICA 81', 11),
(195, '', 'VIA MORELOS', 11),
(196, '', 'MONUMENTO A MORELOS', 11),
(197, '', '5 DE FEBRERO', 11),
(198, '', '6 DE FEBRERO', 11),
(199, '', '7 DE FEBRERO', 11),
(200, '', '8 DE FEBRERO', 11),
(201, '', '9 DE FEBRERO', 11),
(202, '', '10 DE FEBRERO', 11),
(203, '', 'SANTA CLARA', 11),
(204, '', 'CERRO GORDO', 11),
(205, '', 'SERVICIOS ADMINISTRATIVOS', 11),
(206, '', 'CLINICA 93', 11),
(207, '', 'CLINICA 94', 11),
(208, '', 'CLINICA 95', 11),
(209, '', 'CLINICA 96', 11),
(210, '', 'CLINICA 97', 11),
(211, '', 'CLINICA 98', 11),
(212, '', 'INDUSTRIAL', 11),
(213, '', 'LA 5a APARICION', 11),
(214, '', 'TULPETLAC', 11),
(215, '', 'SIERVO DE LA NACION', 11),
(216, '', 'NUEVO LAREDO', 11),
(217, '', 'LAURELES', 11),
(218, '', 'LA VIGA', 11),
(219, '', 'SAN CRISTOBAL', 11),
(220, '', 'PUENTE DE FIERRO', 11),
(221, '', 'IZCALLI PALOMAS', 11),
(222, '', 'SANTO TOMAS CHICONAUTLA', 11),
(223, '', 'EJIDO SANTO TOMAS', 11),
(224, '', 'REVOLUCION', 11),
(225, '', 'MARGARITO F. AYALA', 11),
(226, '', 'BOSQUES', 11),
(227, '', 'TERMINAL UMB', 11),
(228, '', 'SUPERVISOR MEXICBUSS', 11),
(229, '', 'PARTIDA 1', 11),
(230, '', 'PARTIDA 4', 11),
(231, '', 'PARTIDA 2', 11),
(232, '', 'PARTIDA 3', 11),
(233, '', 'PARTIDA 5', 11),
(234, '', 'PARTIDA 6', 11),
(235, '', 'PARTIDA 7', 11),
(236, '', 'PARTIDA 8', 11),
(237, '', 'DIF CUERNAVACA', 11),
(238, '', 'DIF ZIHUATANEJO', 11),
(239, '', 'EMBAJADA QATAR  ', 11),
(240, '', 'EMBAJADA QATAR', 11),
(241, '', 'RESIDENCIA QATAR', 11),
(242, '', 'AGS', 11),
(243, '', 'SMA', 11),
(244, '', 'CELAYA', 11),
(245, '', 'MANZANILLO', 11),
(246, '', 'TECOMAN', 11),
(247, '', 'BAJA CALIFORMIA SUR', 11),
(248, '', 'CHIAPAS ', 11),
(249, '', 'TABASCO ', 11),
(250, '', 'AGUAS CALIENTES', 11),
(251, '', 'DFCDMX', 11),
(252, '', 'LAGUNA VERDE', 11),
(253, '', 'CAMPAMENTO RECREATIVO MARTIRES DE RIO BLANCO', 11),
(254, '', 'COORDINADOR B.C SUR', 11),
(255, '', 'RH', 11),
(256, '', 'AUX.ADMINISTRATIVO NOMINAS', 11),
(257, '', 'AUX.ADMINISTRATIVO', 11),
(258, '', 'GERENTE REGIONAL', 11),
(259, '', 'RECLUTADOR Y VENTAS', 11),
(260, '', 'SUPERVISOR DURANGO ,DURANGO', 11),
(261, '', 'COORDINADOR B.C   ', 11),
(262, '', 'SUPERVISOR CHIHUAHUA ', 11),
(263, '', 'SUPERVISOR ENSENADA', 11),
(264, '', 'SUPERVISOR TECATE', 11),
(265, '', 'SUPERVISOR MEXICALI', 11),
(266, '', 'SUPERVISOR TIJUANA', 11),
(267, '', 'SUPERVISORA CD. JUAREZ', 11),
(268, '', 'SUPERVISOR LA PAZ', 11),
(269, '', 'ESTADO DE MEXICO', 11),
(270, '', 'Fiscalía Federal', 11),
(271, '', 'Inmueble Santiago Tulantepec', 11),
(272, '', 'Inmueble Tula de Allende', 11),
(273, '', 'Inmueble Huejutla de Reyes', 11),
(274, '', 'Fiscalia General de la Republica', 11),
(275, '', 'Sub-Sede Zacatlan', 11),
(276, '', 'Sub-Sede Tehuacan', 11),
(277, '', 'ALAMOS', 8),
(278, '', 'ALMACEN HERMOSILLO', 8),
(279, '', 'CONAFE NAVOJOA', 8),
(280, '', 'HUATABAMGO S.', 8),
(281, '', 'CD.OBREGON', 8),
(282, '', 'SANTA ANA', 8),
(283, '', 'COORDINACION CULIACAN', 8),
(284, '', 'OFICINAS HERMOSILLO', 8),
(285, '', 'CUBRE SONORA', 8),
(286, '', 'CUBRE SINALOA', 8),
(287, '', 'CUBRE VACACIONES ', 8),
(288, '', 'TIJUANA', 8),
(289, '', 'MEXICALI', 8),
(290, '', 'DIF NAYARIT', 8),
(291, '', 'DIF SINALOA', 8),
(292, '', 'NOGALES', 8),
(293, '', 'AGUAPRIETA', 8),
(294, '', 'CANANEA', 8),
(295, '', 'SANTA ANA ', 8),
(296, '', 'SLRC', 8),
(297, '', 'SONOYTA', 8),
(298, '', 'CABORCA', 8),
(299, '', 'P PEÑASCO', 8),
(300, '', 'HERMOSILLO', 8),
(301, '', 'GUAYMAS', 8),
(302, '', 'OBREGÓN', 8),
(303, '', 'NAVOJOA', 8),
(304, '', 'FISCALIA', 8),
(305, '', 'ESCUELA SUPERIOR DE MUSICA Y DANZA DE MTY', 8),
(306, '', 'CEDART ALFONSO REYES', 8),
(307, '', 'BAJA CALIFORNIA', 8),
(308, '', 'INFONAVIT DELEGACION CANCUN', 8),
(309, '', 'INFONAVIT CESI CANCUN', 8),
(310, '', 'INFONAVIT CANCUN', 8),
(311, '', 'INFONAVIT CESI TULUM', 8),
(312, '', 'SAN MIGUEL DE ALLENDE LIVERPOOL', 8),
(313, '', 'SUPERVISIÓN GUANAJUATO', 8),
(314, '', 'AUXILIAR GUANAJUATO', 8),
(315, '', 'SUBURBIA CAMELINAS', 8),
(316, '', 'SUBURBIA LA HUERTA/CAMELINAS', 8),
(317, '', 'SUBURBIA LA HUERTA', 8),
(318, '', 'SUBURBIA ZAMORA', 8),
(319, '', 'SUBURBIA ZITACUARO', 8),
(320, '', 'SUBURBIA URUAPAN', 8),
(321, '', 'SUPERVISIÓN MICHOACAN', 8),
(322, '', 'SUPERVISIÓN GUADALAJARA', 8),
(323, '', 'LIVERPOOL ESFERA', 8),
(324, '', 'LIVERPOOL CUMBRES', 8),
(325, '', 'SUPERVISIÓN MONTERREY', 8),
(326, '', 'RECURSOS HUAMANOS SALTILLO', 8),
(327, '', 'RECURSOS HUAMANOS MTY', 8),
(328, '', 'SUPERVISIÓN SALTILLO', 8),
(329, '', 'GALERIAS VALLARTA ', 8),
(330, '', 'GALERIAS VALLARTA', 8),
(331, '', 'SUPERVISIÓN  P. VALLARTA', 8),
(332, '', 'SUBURBIA AGUASCALIENTES', 8),
(333, '', 'SUBURBIA MAHATMA GANDHI', 8),
(334, '', 'SFERA AGUAS CALIENTES', 8),
(335, '', 'AGUAS CALIENTES', 8),
(336, '', 'SUPERVISIÓN AGUAS CALIENTES', 8),
(337, '', 'SUBURBIA CAMPECHE', 8),
(338, '', 'SFERA PLAZA ANTEA ', 8),
(339, '', 'SFERA PLAZA QUERETARO', 8),
(340, '', 'SFERA GALERIAS PACHUCA', 8),
(341, '', 'SFERA PACHUCA', 8),
(342, '', 'SFERA PASEO  QUERETARO', 8),
(343, '', 'CUBRE DESCANSOS SFERAS', 8),
(344, '', 'REGIÓN DEL OCCIDENTE', 8),
(345, '', 'AGUA PRIETA', 8),
(346, '', 'RIO COLORADO', 8),
(347, '', 'SANTA CLARA DURANDO', 8),
(348, '', 'ANAM', 8),
(349, '', 'AICM', 8),
(350, '', 'ADUANA HUIXTLA', 8),
(351, '', 'PUERTO MADERO', 8),
(352, '', 'CHIHUAHUA', 8),
(353, '', 'DURANGO', 8),
(354, '', 'TULUM', 8),
(355, '', 'GUERRERO MOBILE', 8),
(356, '', 'PATRIOTISMO', 8),
(357, '', 'SENECA', 8),
(358, '', 'AUXILIAR DE RH', 8),
(359, '', 'SERVICIO ESPECIAL', 8),
(360, '', 'CONAFE TORREON-COAHUILA', 8),
(361, '', 'CONAFE MONCLOVA-COAHUILA', 8),
(362, '', 'CONAFE PARRAS DE LA FUENTE-COAHUILA', 8),
(363, '', 'CONAFE NUEVA ROSITA-COAHUILA', 8),
(364, '', 'CONAFE SALTILLO-COAHUILA', 8),
(365, '', 'CONAFE GUADALUPE-NUEVO LEON', 8),
(366, '', 'ALMACÉN TERRITORIAL', 8),
(367, '', 'OFICINA REGIONAL MONTERREY', 8),
(368, '', 'CHILPANCINGO', 8),
(369, '', 'OFICINAS CENTRALES', 8),
(370, '', 'ALMACEN CENTRAL', 8),
(371, '', 'TOLUCA EDO.MEX.', 8),
(372, '', 'COORDINACION TERRITORIAL', 8),
(373, '', 'ALMACEN TERRITORIAL', 8),
(374, '', 'SEDE REGIONAL YAUTEPEC', 8),
(375, '', 'SEDE REGIONAL HIGUERON', 8),
(376, '', 'AV. SIMBOLOS PATRIOS NO. 1013, SAN AGUSTIN DE LAS JUNTAS OAXACA. C.P.71238', 8),
(377, '', 'DOMICILIO CONOCIDO CARRETERA A PUERTO ANGEL KM 2 C.P. 70900 EL ZAPOTAL SAN PEDRO POCHUTLA OAXACA.', 8),
(378, '', 'CALLE GANADEROS S/N COLONIA AEROPUERTO, PUERTO ESCONDIDO, C.P.71980 SAN PEDRO MIXTEPEC JUQUILA OAXACA.', 8),
(379, '', 'AYUNTAMIENTO CIVIL S/N C.P. 71979 BARRIO HIDALGO, SAN GABRIEL MIXTEPEC, C.P.71970 JUQUILA OAXACA', 8),
(380, '', 'COLONIA LOS PINOS CARRETERA A CUIXTLA MIAHUATLAN DE PORFIRIO DIAZ OAXACA.', 8),
(381, '', 'DOMICILIO CONOCIDO, CAMINO VIEJO A TEOTITLAN, SAN MARTIN TOXPALAN, TEOTILAN OAXACA.', 8),
(382, '', 'DOMICILIO CONOCIDO S/N COLONIA CENTRAO, ARROYO CHOAPAN SAN JOSE CHILTEPEC, TUXTEPEC, OAXACA C.P.68456', 8),
(383, '', 'DOMICILIO CONOCIDO S/N AGUA ZARCA CUQUILA, HEROICA CIUDAD DE TLAXIACO OAXACA.', 8),
(384, '', 'AV. CUAHUTEMOC ENTRE POCHUTLA Y ALDAMA COL. JOSE LOPEZ PORTILLO SANTO DOMINGO TEHUANTEPEC OAXACA', 8),
(385, '', 'DOMICILIO CONOCIDO S/N PEÑA ALTA SANTA CRUZ ITUNDUJIA C.P. 71190, PUTLA OAXACA.', 8),
(386, '', 'CALLE MIGUEL HIDALGOS.N. SECCION SEGUNDA SAN LUCAS OJITLAN C.P. 86470 OAXACA.', 8),
(387, '', 'DOMICILIO CONOCIDO S/N AGUA ZARCA CUQUILA HEROICA CIUDAD DE TLAXIACO OAXACA.', 8),
(388, '', 'MORELOS S/N COL. CENTRO SAN IDELFONSO SOLA SOLA DE LA VEGA OAXACA C.P. 71480', 8),
(389, '', 'CONAFE', 8),
(390, '', 'CHETUMAL', 8),
(391, '', 'CANTUNILKIN', 8),
(392, '', 'MERIDA', 8),
(393, '', 'FELUPE CARRILLO', 8),
(394, '', 'ESCARCEGA', 8),
(395, '', 'VALENTIN GOMEZ FARIAS No.714 BARRIO DE GUADALUPE', 8),
(396, '', 'CATRETERA AL SALTO DE LOS SALADO 5502 EL ENCINO', 8),
(397, '', 'Villa de Álvarez-Comala Km 4.5, 28450, Comala, Col.', 8),
(398, '', 'Calle Laguna de Zapotlán 90, Primavera del Real, 28280, Tecomán, Col.', 8),
(399, '', 'Río Ganges 121, Lomas de Arbide, 37368 León de los Aldama, Gto', 8),
(400, '', 'Dr. Alfonso Mayer 203, Col de los Zapotes, 37600 San Felipe, Gto.', 8),
(401, '', 'Luis Chávez Orosco 4, Magisterial, 38407 Valle de Santiago, Gto.', 8),
(402, '', 'Ojo de Agua 120, 36900 Penjamo Gto', 8),
(403, '', '20 de Noviembre 70, Rev 37804 D.H', 8),
(404, '', '21 de Noviembre 70, Rev 37804 D.H', 8),
(405, '', '1 de Mayo 236, Ignacio Ramirez SMA', 8),
(406, '', 'MINA DE SAN BERNABE ,SAN JUANICO 38027 CELAYA ', 8),
(407, '', 'INSTITUCION #104, COL. CRISTEROS, LAGOS DE MORENO JAL.', 8),
(408, '', 'CALZ FEDERALISMO NTE, LA GUADALUPANA, 44220 GUADALAJARA, JAL.', 8),
(409, '', 'AV. FRANCISCO I MADERO OTE 4525, Cd INDUSTRIAL, 58200 MORELIA MICHOACAN', 8),
(410, '', 'CALLE FLOR DE MANTO,BERNAL QRO', 8),
(411, '', 'R7QM+VC, 76126 BIZARRON DE MONTES QRO', 8),
(412, '', 'CAMINO  VENEGAS 15 EL PUEBLITO QRO ', 8),
(413, '', 'IGNACIO MARTINEZ 680 COL LA LADRILLERA', 8),
(414, '', 'Elena Poniatowsca # 1  , Col. Ojo de Agua de la palma, Guadalupe, Zac', 8),
(415, '', 'INBAL', 8),
(416, '', 'INABL', 8),
(417, '', 'CESI APODACA', 8),
(418, '', 'CESI GARCIA', 8),
(419, '', 'CESI GUADALUPE', 8),
(420, '', 'CESI MTY', 8),
(421, '', 'DELEGACION MTY', 8),
(422, '', 'BODEGA SALTILLO', 8),
(423, '', 'CESI SALTILLO', 8),
(424, '', 'TORREON', 8),
(425, '', 'DFCDMX', 8),
(426, '', 'Hidalgo, Pachuca', 8),
(427, '', 'CESI Apan', 8),
(428, '', 'CESI Tula', 8),
(429, '', 'Morelos, Cuernavaca', 8),
(430, '', 'Guerrero, Acapulco', 8),
(431, '', 'CESI Zihuatanejo', 8),
(432, '', 'CESI Chilpancingo', 8),
(433, '', 'INFONAVIT PUEBLA', 8),
(434, '', 'INFONAVIT BODEGA', 8),
(435, '', 'INFONAVIT ESTACIONAMIENTO', 8),
(436, '', 'INFONAVIT TEZIUTLAN', 8),
(437, '', 'INFONAVIT TEHUACAN', 8),
(438, '', 'INFONAVIT TLAXCALA', 8),
(439, '', 'INFONAVIT APIZACO', 8),
(440, '', 'Sinaloa, Culiacán', 8),
(441, '', 'CESI Los Mochis', 8),
(442, '', 'CESI Mazatlán', 8),
(443, '', 'INFONAVIT VILLAHERMOSA ', 8),
(444, '', 'INFONAVIT PARAISO', 8),
(445, '', 'INFONAVIT TUXTLA GUTIERREZ', 8),
(446, '', 'INFONAVIT TUXTLA GUTIERREZ ', 8),
(447, '', 'INFONAVIT TAPACHULA', 8),
(448, '', 'INFONAVIT PALENQUE', 8),
(449, '', 'INFONAVIT SALINA CRUZ', 8),
(450, '', 'INFONAVIT OAXACA', 8),
(451, '', 'INFONAVIT TUXTEPEC', 8),
(452, '', 'Tamaulipas, Cd Victoria', 8),
(453, '', 'CESI Nuevo Laredo', 8),
(454, '', 'CESI Matamoros', 8),
(455, '', 'CESI Altamira', 8),
(456, '', 'CESI XALAPA', 8),
(457, '', 'CESI VERACRUZ', 8),
(458, '', 'CESI POZA RICA', 8),
(459, '', 'CESI FORTIN', 8),
(460, '', 'CESI COATZACOALCOS', 8),
(461, '', 'Aguascalientes', 8),
(462, '', 'Michoacán, Morelia', 8),
(463, '', 'CESI Zamora', 8),
(464, '', 'CESI Uruapan', 8),
(465, '', 'CESI Lázaro Cárdenas', 8),
(466, '', 'Jalisco, Guadalajara', 8),
(467, '', 'CESI Tlajomulco', 8),
(468, '', 'CESI Ciudad Guzmán', 8),
(469, '', 'CESI Lagos de Moreno', 8),
(470, '', 'CESI Puerto Vallana', 8),
(471, '', 'Colima, Colima', 8),
(472, '', 'CESI Manzanillo', 8),
(473, '', 'Guanajuato, León', 8),
(474, '', 'CESI León', 8),
(475, '', 'CESI Celaya', 8),
(476, '', 'CESI lrapuato', 8),
(477, '', 'CESI Salamanca', 8),
(478, '', 'CESI Silao', 8),
(479, '', 'Querétaro, Querétaro', 8),
(480, '', 'CESI San Juan del Rio', 8),
(481, '', 'San Luis Potosí, S.L. P', 8),
(482, '', 'CESI Matehuala ', 8),
(483, '', 'CESI Ciudad Valles', 8),
(484, '', 'Zacatecas, Zacatecas', 8),
(485, '', 'CESI Fresnillo', 8),
(486, '', 'Campeche, Campeche', 8),
(487, '', 'CESI Ciudad del Carmen', 8),
(488, '', 'CESI Chetumal', 8),
(489, '', 'CESI Playa del Carmen', 8),
(490, '', 'Yucatán, Mérida', 8),
(491, '', 'CESI Valladolid', 8),
(492, '', 'CESI Ciudad Juárez', 8),
(493, '', 'CESI Parral', 8),
(494, '', 'CESI Cuauhtémoc', 8),
(495, '', 'CESI Gómez Palacio', 8),
(496, '', 'Sonora, Hermosillo', 8),
(497, '', 'CESI Nogales', 8),
(498, '', 'CESI Ciudad Obregón', 8),
(499, '', 'CESI Guaymas', 8),
(500, '', 'CESI San Luis Rio Colorado', 8),
(501, '', 'CESI Ciudad Acuña', 8),
(502, '', 'CESI Monclova', 8),
(503, '', 'CESI Piedras Negras', 8),
(504, '', 'LAGUNA VERDE', 8),
(505, '', 'Av Corregidora 26, Aeropuerto, 24199 Cdad. del Carmen, Camp.', 8),
(506, '', 'Pedro Sainz de baranda 139 sector metro politano del área hakinpech san Francisco de Campeche', 8),
(507, '', 'CANCUN', 8),
(508, '', 'PLAYA DEL CARMEN', 8),
(509, '', 'COZUMEL', 8),
(510, '', 'SAT SONORA', 8),
(511, '', 'ADUANA SONORA', 8),
(512, '', 'MIGRACION PUERTO PEÑASCO', 8),
(513, '', 'GERENCIA REGIONAL', 8),
(514, '', 'SENASICA ADUANA', 8),
(515, '', 'INFONAVIT MIGRACION Y CONAFE', 8),
(516, '', 'AUXILIAR ADMINISTRATIVO', 8),
(517, '', 'MIGRACION, INFONAVIT, CONAFE,FOVISSSTE,ISSSTE', 8),
(518, '', 'AUXILIAR ADMINISTRATIVO 2a OFICINA ', 8),
(519, '', 'SENASICA CARR 57', 8),
(520, '', 'SENASICA CARR 54', 8),
(521, '', 'SENASICA', 8),
(522, '', 'COSAMALOAPAN', 8),
(523, '', 'XALAPA', 8),
(524, '', 'CARRETERA FEDERAL 200, ZIHUATANEJO-CD. LAZARO CARDENAS, KM 61.5, POBLADO SAN JERONIMO, MUNICIPIO DE LA UNION DE ISIDORO MONTES DE OCA, GRO. C.P.40820', 8),
(525, '', 'CARRETERA FEDERAL 126 \"D\" MEXICO GUADALAJARA, KM  152+200 LADO DERECHO, TRAMO ATLACOMULCO, MEX.-MARAVATIO, MICH, POBLADO APEO MPIO. MARAVATIO, MICH. C.P. 61274', 8),
(526, '', 'KILOMETRO 15 DE LA CARRETERA ANTIGUA TEPATITLÁN - ZAPOTLANEJO. C.P. 45430, ZAPOTLANEJO, JALISCO.', 8),
(527, '', 'SOLIDARIDAD IBEROAMERICANA 769, DELEGACIÓN, LAS PINTAS, EL SALTO, JALISCO.', 8),
(528, '', 'Av. Irrigacion s/n Camargo 38030 Celaya Gto', 8),
(529, '', 'Boulevard Héroes Potosinos N°1800 -C. Fracc. Las Americas ', 8),
(530, '', 'Km 1 carretera a Colon, Ajuchitlan Qro', 8),
(531, '', 'San Gabriel Km 21 Amazcala 76263 , Chichimiquillas Qro', 8),
(532, '', 'Km. 1.5 Carretera Tecomán, Col. Josefa Ortíz de Domínguez, 28110, Tecomán, Col.', 8),
(533, '', 'CAMPECHE', 8),
(534, '', 'PLAYAS DE CATAZAJA', 8),
(535, '', 'SANTA ADELAIDA', 8),
(536, '', 'NUEVO CAMPECHITO ', 8),
(537, '', 'VILLAFLORES', 8),
(538, '', 'TUXTLA GUTIERREZ', 8),
(539, '', 'FRONTERA COMALAPA', 8),
(540, '', 'CAMPO PALENQUE', 8),
(541, '', 'COMITAN CAMPO SOCONUSCO', 8),
(542, '', 'MOTOZINTLA', 8),
(543, '', 'ESCUINTLA', 8),
(544, '', 'JALTENANGO', 8),
(545, '', 'HUIXTLA', 8),
(546, '', 'ARRIAGA', 8),
(547, '', 'CIUDAD SUCHIATE 2', 8),
(548, '', 'CENTRO DE OPERACIONES CAMPO OCOSINGO', 8),
(549, '', 'LA TRINITARIA', 8),
(550, '', 'TUXTLA CHICO PUERTO FRONTERIZO TALISMAN', 8),
(551, '', 'MARQUEZ DE COMILLAS', 8),
(552, '', 'SAT,INBAL,CONAFEY ADUANAS', 8),
(553, '', 'MIGRACION', 8),
(554, '', 'BENITO JUAREZ', 8),
(555, '', 'MÉRIDA', 8),
(556, '', 'DZITBALCHE', 8),
(557, '', 'INDEP', 8),
(558, '', 'FERRONALES', 8),
(559, '', 'OAXACA', 8),
(560, '', 'VILLAHERMOSA', 8),
(561, '', 'MAGDALENA CONTRERAS', 8),
(562, '', 'COYOACÁN', 8),
(563, '', 'XOCHIMILCO', 8),
(564, '', 'IZTAPALAPA', 8),
(565, '', 'GUSTAVO A. MADERO', 8),
(566, '', 'CUAUHTÉMOC', 8),
(567, '', 'VENUSTIANO CARRANZA', 8),
(568, '', 'BENITO JUÁREZ', 8),
(569, '', 'LOS REYES LA PAZ', 8),
(570, '', 'MIGUEL HIDALGO', 8),
(571, '', 'ÁLVARO OBREGÓN', 8),
(572, '', 'EDO MEX', 8),
(573, '', 'HUIXQUILUCAN', 8),
(574, '', 'CUAUHTEMOC', 8),
(575, '', 'AXAPUSCO', 8),
(576, '', 'TLAXCOAPAN', 8),
(577, '', 'NAUCALPAN', 8),
(578, '', 'CUAUTITLAN IZCALLI', 8),
(579, '', 'COACALCO', 8),
(580, '', 'TULTITLAN', 8),
(581, '', 'ZUMPANGO', 8),
(582, '', 'SAN VICENTE CHICOLOAPAN', 8),
(583, '', 'ECATEPEC', 8),
(584, '', 'TEXCOCO', 8),
(585, '', 'TOLUCA', 8),
(586, '', 'TLALNEPANTLA', 8),
(587, '', 'SAN SIMON DE GUERRERO', 8),
(588, '', 'JIQUIPILCO', 8),
(589, '', 'VALLE DE BRAVO', 8),
(590, '', 'CHIMALHUACAN', 8),
(591, '', 'NEZAHUALCOYOTL', 8),
(592, '', 'PACHUCA ', 8),
(593, '', 'TIZAYUCA', 8),
(594, '', 'MORELIA', 8),
(595, '', 'ZAMORA ', 8),
(596, '', 'URUAPAN', 8),
(597, '', 'AZCAPOTZALCO', 8),
(598, '', 'ACATLIPA', 8),
(599, '', 'CUERNAVACA', 8),
(600, '', 'YAUTEPEC', 8),
(601, '', 'XOCHITEPEC', 8),
(602, '', 'AMACUZAC', 8),
(603, '', 'CLUB RESIDENCIAL LAS BRISAS', 8),
(604, '', 'CONDADO DE SAYAVEDRA', 8),
(605, '', 'GASERA IXTAPALUCA', 8),
(606, '', 'JIUTEPEC', 8),
(607, '', 'MORELOS', 8),
(608, '', 'TEMIXCO', 8),
(609, '', 'METROPOLITANA', 8),
(610, '', 'MEXIBUSS LINEA 1', 8),
(611, '', 'MEXIBUSS LINEA 2', 8),
(612, '', 'MEXIBUSS LINEA 3', 8),
(613, '', 'MEXIBUSS LINEA 4', 8),
(614, '', 'MEXIBUSS LINEA 5', 8),
(615, '', 'MEXIBUSS LINEA 6', 8),
(616, '', 'MEXIBUS LINEA 3', 8),
(617, '', 'MEXIBUS LINEA 4', 8),
(618, '', 'MEXIBUS LINEA 5', 8),
(619, '', 'MEXIBUS LINEA 6', 8),
(620, '', 'MEXIBUS LINEA 7', 8),
(621, '', 'MEXIBUS LINEA 8', 8),
(622, '', 'MEXIBUS LINEA 9', 8),
(623, '', 'MEXIBUS LINEA 10', 8),
(624, '', 'MEXIBUS LINEA 11', 8),
(625, '', 'MEXIBUS LINEA 12', 8),
(626, '', 'MEXIBUS LINEA 13', 8),
(627, '', 'MEXIBUS LINEA 14', 8),
(628, '', 'MEXIBUS LINEA 15', 8),
(629, '', 'MEXIBUS LINEA 16', 8),
(630, '', 'MEXIBUS LINEA 17', 8),
(631, '', 'MEXIBUS LINEA 18', 8),
(632, '', 'MEXIBUS LINEA 19', 8),
(633, '', 'MEXIBUS LINEA 20', 8),
(634, '', 'MEXIBUS LINEA 21', 8),
(635, '', 'MEXIBUS LINEA 22', 8),
(636, '', 'MEXIBUS LINEA 23', 8),
(637, '', 'MEXIBUS LINEA 24', 8),
(638, '', 'MEXIBUS LINEA 25', 8),
(639, '', 'MEXIBUS LINEA 26', 8),
(640, '', 'MEXIBUS LINEA 27', 8),
(641, '', 'MEXIBUS LINEA 28', 8),
(642, '', 'MEXIBUSS LINEA 0', 8),
(643, '', 'MEXIBUSS LINEA 7', 8),
(644, '', 'MEXIBUSS LINEA 8', 8),
(645, '', 'MEXIBUSS LINEA 9', 8),
(646, '', 'MEXIBUSS LINEA 10', 8),
(647, '', 'MEXIBUSS LINEA 11', 8),
(648, '', 'MEXIBUSS LINEA 12', 8),
(649, '', 'N/A', 8),
(650, '', 'SNDIF', 8),
(651, '', 'DIF', 8),
(652, '', 'GUERRERO', 8),
(653, '', 'COORDINACIÓN TERRITORIAL', 8),
(654, '', 'SAN GABRIEL CUAUHTLA, TLAXCALA.', 8),
(655, '', 'IXTACUIXTLA, TLAXCALA', 8),
(656, '', 'PUEBLA PUE.', 8),
(657, '', 'TUXTLA GUTIERREZ, CHIAPAS.', 8),
(658, '', 'VILLAHERMOSA, TABASCO', 8),
(659, '', 'ALMACEN TERRITORIAL OAXACA', 8),
(660, '', 'SEDE REGIONAL DEL ZAPOTAL POCHUTLA OAXACA', 8),
(661, '', 'SEDE REGIONAL DE PUERTON ESCONDIDO OAXACA', 8),
(662, '', 'SEDE REGIONAL DE SAN GABRIEL MIXTEPEC OAXACA', 8),
(663, '', 'SEDE REGIONAL DE MIAHUATLAN OAXACA', 8),
(664, '', 'SEDE REGIONAL DE SAN MARTIN TOXPALAN OAXACA', 8),
(665, '', 'SEDXDE REGIONAL DE ARROYO CHOAPAM TUXTEPEC OAXACA', 8),
(666, '', 'SEDE REGIONAL DE TLAXICO MIXTECA OAXACA', 8),
(667, '', 'SEDE REGIONAL DE TEHUANTEPEC OAXACA', 8),
(668, '', 'SEDE REGIONAL DE SANTA CRUZ ITUNDUJIA OAXACA', 8),
(669, '', 'SEDE REGIONAL DE SAN LUCAS OJITLAN OAXACA', 8),
(670, '', 'SEDE REGIONAL AGUA ZARCA TLAXIACO OAXACA', 8),
(671, '', 'SEDE REGIONAL DE SAN ILDEFONSO SOLA', 8),
(672, '', 'DURANGO ALMACEN', 8),
(673, '', 'COORDINACION OFICINAS DURANGO', 8),
(674, '', 'ALMACEN NAYARIT', 8),
(675, '', 'CD.CONSTITUCUION', 8),
(676, '', 'LA PAZ', 8),
(677, '', 'COORDINACION CULIACAN ESTACIONAMIENTO', 8),
(678, '', 'OFICINAS TEPIC NAYARIT', 8),
(679, '', 'TEPIC NAYARIT', 8),
(680, '', 'OFICINAS CHIHUAHUA', 8),
(681, '', 'MIGUEL ALEMAN', 8),
(682, '', 'CONAFE AULAS NAVOLATO', 8),
(683, '', 'AULAS NAVOLATO', 8),
(684, '', 'OFICINA CENTRAL SINALOA', 8),
(685, '', 'GUASAVE', 8),
(686, '', 'EL FUERTE', 8),
(687, '', 'LEYVA', 8),
(688, '', 'CONAFE BADIRAGUATO', 8),
(689, '', 'CONAFE BODEGA HUMAYA CUL. SIN.', 8),
(690, '', 'CONAFE SINALOA DE LEYVA ', 8),
(691, '', 'CONAFE  EL FUERTE SINALOA ', 8),
(692, '', 'CONAFE EL FUERTE SINALOA ', 8),
(693, '', 'CONAFE CUBRE DESCANSOS', 8),
(694, '', 'CUBRE DESCANSOS CONAFE LOS NAYARIT', 8),
(695, '', 'CONAFE GUASAVE ', 8),
(696, '', 'COMODIN CONAFE TIJUANA', 8),
(697, '', 'CUBRE TURNOS CONAFE MEXICALI', 8),
(698, '', 'VERACRUZ', 8),
(699, '', 'CAMPAMENTO RECREATIVO  INSURGENTES', 8),
(700, '', 'CAMPAMENTO RECREATIVO ALFREDO BONFIL .DIF', 8),
(701, '', 'NS DIF BUCERIAS', 8),
(702, '', 'F.G.R  S.M.A', 8),
(703, '', 'F.G.R CELAYA', 8),
(704, '', 'FISCALIA GENERAL DE LA REPUBLICA SEDE GTO', 8),
(705, '', 'FISCALIA GENERAL DE LA REPUBLICA SEDE LEON', 8),
(706, '', 'FISCALIA SLP', 8),
(707, '', 'CD VALLES', 8),
(708, '', 'MATEHUALA', 8),
(709, '', 'FISCALIA LA PAZ', 8),
(710, '', 'FISCALIA SANTA ROSALIA', 8),
(711, '', 'FISCALIA SAN JOSE DEL CABO', 8),
(712, '', 'FISCALIA CIUDAD CONSTITUCION', 8),
(713, '', 'FISCALIA LORETO', 8),
(714, '', 'SANTIAGO PAPASQ., DGO.', 8),
(715, '', 'GOMEZ PALACIO ', 8),
(716, '', 'FISCALIA CULIACAN', 8),
(717, '', 'FISCALIA MAZATLAN', 8),
(718, '', 'FISCALIA ESCUINAPA', 8),
(719, '', 'FISCALIA LOS MOCHIS', 8),
(720, '', 'FISCALIA GUASAVE', 8),
(721, '', 'FISCALIA GUAMUCHIL', 8),
(722, '', 'JUAREZ', 8),
(723, '', 'Fiscalía Federal', 8),
(724, '', 'Inmueble Santiago Tulantepec', 8),
(725, '', 'Inmueble Tula de Allende', 8),
(726, '', 'Inmueble Huejutla de Reyes', 8),
(727, '', 'Fiscalia General de la Republica', 8),
(728, '', 'Sub-Sede Zacatlan', 8),
(729, '', 'Sub-Sede Tehuacan', 8),
(730, '', 'VALLADOLID', 8),
(731, '', 'CIUDAD DEL CARMEN', 8),
(732, '', 'FGR VERACRUZ', 8),
(733, '', 'FISCALÍA FEDERAL ', 8),
(734, '', 'INMUEBLE TAPACHULA ', 8),
(735, '', 'INMUEBLE SAN CRISTÓBAL DE LAS CASAS', 8),
(736, '', 'INMUEBLE ARRIEGA', 8),
(737, '', 'INMMUEBLE COMITÁN ', 8),
(738, '', 'INMUEBLE OCOSINGO ', 8),
(739, '', 'INMUEBLE PALENQUE ', 8),
(740, '', 'INMUEBLE REFORMA', 8),
(741, '', 'TERRENO BERRIOZABAL', 8),
(742, '', 'INMUEBLE CÁRDENAS  ', 8),
(743, '', 'TENOSIQUE', 8),
(744, '', 'OFICINA', 8),
(745, '', 'INFONAVIT ZACATECAS', 8),
(746, '', 'INFONAVIT', 8),
(747, '', 'INFONAVIT COLIMA', 8),
(748, '', 'INFONAVIT CAMPECHE', 8),
(749, '', 'INFINAVIT CHIHUAHUA', 8),
(750, '', 'INFONAVIT NAYARIT', 8),
(751, '', 'INFONAVIT CDMX ALVARO OBREGON', 8),
(752, '', 'INFONAVIT HIDALGO', 8),
(753, '', 'CENTRO DE OPERACIONES  CAMPO SIMOJOVEL', 8),
(754, '', 'TERRENO CON BIENES HUATULCO', 8),
(755, '', 'LA HIELERA', 8),
(756, '', 'LOCALES COMERCIALES Y BIENES (ZAPOTAL)', 8),
(757, '', 'CASA HABITACION (VILLA ZAACHILA)', 8),
(758, '', 'CASA HABITACION (SANTA CATARINA TLAXILA)', 8),
(759, '', 'OFICINA DE ATENCIÒN A JUBILADOS ', 8),
(760, '', 'CENTRO SUR', 8),
(761, '', 'ESTADO DE MEXICO', 8),
(762, '', 'Hospital Regional Puebla ', 8),
(763, '', 'REPRESENTACION ESTATAL', 8),
(764, '', 'ALMACEN ESTATAL', 8),
(765, '', 'ARCHIVO DE CONCENTRACION', 8),
(766, '', 'DEPTO. ACCION SOCIAL, CULTURAL Y DEPORTIVA', 8),
(767, '', 'E.D.B.I. PUEBLA', 8),
(768, '', 'E.D.B.I. TEHUACAN', 8),
(769, '', 'CLINICA HOSPITAL TEHUACAN', 8),
(770, '', 'U.M.F. ATLIXCO', 8),
(771, '', 'U.M.F CHIAUTLA DE TAPIA', 8),
(772, '', 'U.M.F. IZUCAR DE MATAMOROS', 8),
(773, '', 'C.M.F. ATENCINGO', 8),
(774, '', 'C.M.F. ACATLAN DE OSORIO', 8),
(775, '', 'C.M.F. SAN MARTIN TEXMELUCAN', 8),
(776, '', 'CLINICA HOSPITAL TEZIUTLAN', 8),
(777, '', 'U.M.F CUETZALAN', 8),
(778, '', 'U.MF. TLATLAUQUITEPEC', 8),
(779, '', 'U.M.F. ZACAPOAXTLA', 8),
(780, '', 'U.M.F. CIUDAD SERDAN', 8),
(781, '', 'CLINICA HOSPITAL HUAUCHINANGO', 8),
(782, '', 'U.M.F XICOTEPEC DE JUAREZ', 8),
(783, '', 'U.M.F. ZACATLAN', 8),
(784, '', 'U.M.F. CHIGNAHUAPAN', 8),
(785, '', 'U.M.F. CHOLULA', 8),
(786, '', 'U.M.F. SAN ROQUE', 8),
(787, '', 'U.M.F. TECAMACHALCO', 8),
(788, '', 'U.M.F. TEPEACA', 8),
(789, '', 'U.M.F ESPERANZA', 8),
(790, '', 'U.M.F. SAN JUAN IXCAQUIXTLA', 8),
(791, '', 'C.M.F. PUEBLA', 8),
(792, '', 'U.M.F. VILLA VERDE', 8),
(793, '', 'U.M.F. MEXICO 68', 8),
(794, '', 'U.M.F. ZARAGOZA', 8),
(795, '', 'U.M.F. ACATZINGO', 8),
(796, '', 'C.A.F. HUEJOTZINGO', 8),
(797, '', 'CASA DEL PENSIONADO ISSSTE', 8),
(798, '', 'CMF Tlaxcala. ', 8),
(799, '', 'Representación Estatal', 8),
(800, '', 'U.M.F. Apizaco', 8),
(801, '', 'U.M.F. Calpulalpan', 8),
(802, '', 'U.M.F. Huamantla', 8),
(803, '', 'U.M.F. Zacatelco', 8),
(804, '', 'E.B.D.I. No. 31 Y Jardín de Niños Desiderio Hernández Xochitiotzin.', 8),
(805, '', 'C.M.F. Pantitlán', 8),
(806, '', 'C.M.F Pantitlan', 8),
(807, '', 'C.M.F. Valle de Aragón', 8),
(808, '', 'C.M.F. Tlalnepantla', 8),
(809, '', 'C.M.F. Texcoco', 8),
(810, '', 'U.M.F.  Chalco', 8),
(811, '', 'Conjunto Funerario \"Parque Memorial\" Naucalpan', 8),
(812, '', 'C.M.F.  Naucalpan', 8),
(813, '', 'U.M.F. Amecameca', 8),
(814, '', 'U.M.F. Villa Nicolás Romero', 8),
(815, '', 'Centro Cultural Chapingo', 8),
(816, '', 'Biblioteca Texcoco', 8),
(817, '', 'U.P.E. Tlalnepantla', 8),
(818, '', 'U.P.E. Texcoco', 8),
(819, '', 'HOSPITAL TULTITLAN ( H.R.A..E.B.I.)', 8),
(820, '', 'C.M.F. E.Q.Xalostoc', 8),
(821, '', 'C.M.F. Ecatepec', 8),
(822, '', 'U.M.F. Cuautitlán Izcalli', 8),
(823, '', 'U.M.F. Cuautitlan Izcalli', 8),
(824, '', 'U.M.F. Tecamac', 8),
(825, '', 'U.M.F. Jilotepec', 8),
(826, '', 'U.M.F. San Juan Teotihuacan', 8),
(827, '', 'U.M.F. Tepexpan', 8),
(828, '', 'U.M.F. Zumpango', 8),
(829, '', 'U.M.F. FOVISSSTE Ecatepec', 8),
(830, '', 'UMF Cuautitlán de Romero Rubio', 8),
(831, '', 'U.P.E. Ecatepec', 8),
(832, '', 'Centro Cultural Ecatepec', 8),
(833, '', 'Biblioteca Ecatepec', 8),
(834, '', 'Hospital General Toluca', 8),
(835, '', 'C.M.F Nueva Oxtotitlan', 8),
(836, '', 'Edificio Sede Representación Estatal del ISSSTE Edo de México', 8),
(837, '', 'U.M.F. Tejupilco', 8),
(838, '', 'U.M.F. Atlacomulco', 8),
(839, '', 'U.M.F. Tenancingo', 8),
(840, '', 'Departamento de Obras y Servicios Generales', 8),
(841, '', 'Departamento de Adquisiciones', 8),
(842, '', 'Centro  Cultural Toluca', 8),
(843, '', 'Centro de Incineración Toluca', 8),
(844, '', 'U.M.F. San Felipe del Progreso', 8),
(845, '', 'U.P.E. Tejupilco', 8),
(846, '', 'U.M.F. Lerma', 8),
(847, '', 'U.M.F. Ixtlahuaca', 8),
(848, '', 'U.M.F. Santiago  Tianguistenco', 8),
(849, '', 'U.M.F. Capulhuac', 8),
(850, '', 'U.M.F. San Jeronimo Acazulco', 8),
(851, '', 'C.A.F. Ixtapan de la Sal', 8),
(852, '', 'C.A.F. Villa Cuauhtemoc', 8),
(853, '', 'ISSSTEHUIXTLA', 8),
(854, '', 'C.H.RAFAEL BARBA OACAMPO', 8),
(855, '', 'CMFEYQ CUERNAVACA', 8),
(856, '', 'OFICINAS DE REPRESENTACION ESTATAL MORELOS ', 8),
(857, '', 'CMEFYQ JOJUTLA', 8),
(858, '', 'UMF TETECALA', 8),
(859, '', 'UMF TEMIXCO', 8),
(860, '', 'UMF JONACATEPEC', 8),
(861, '', 'UMF AMACUZAC', 8),
(862, '', 'UMF ZACATEPEC', 8),
(863, '', 'UMF TLAQUILTEMANGO', 8),
(864, '', 'UMF YAUTEPEC', 8),
(865, '', 'CAF TEPOZTLAN', 8),
(866, '', 'CAF TRES MARIAS ', 8),
(867, '', 'CAF XOCHITEPEC', 8),
(868, '', 'CAF PUENTE DE IXTLA', 8),
(869, '', 'CAF ZACUALPAN  DE AMILPAS', 8),
(870, '', 'CAF ATLATAHUCAN', 8),
(871, '', 'CAF CIUDAD DE AYALA', 8),
(872, '', 'CAF AXOCHIAPAN', 8),
(873, '', 'CAF TEPALCINGO', 8),
(874, '', 'CAF TLAYACAPAN', 8),
(875, '', 'CAF JIUTEPEC', 8),
(876, '', 'CAF EMILIANO ZAPATA', 8),
(877, '', 'CAF OCUITUCO', 8),
(878, '', 'CAF YECAPIXTLA', 8),
(879, '', 'CAF TETELA DEL VOLCAN', 8),
(880, '', 'EBDI 28', 8),
(881, '', 'EBDI 57', 8),
(882, '', 'EBDI 132', 8),
(883, '', 'C.C.LA CATRA', 8),
(884, '', 'CASA DE DIA MORELOS ', 8),
(885, '', 'CAF TLALTIZAPAN ', 8),
(886, '', 'CAF XOXOCOTLA', 8),
(887, '', 'HOSPITAL REGIONAL DE ALTA ESPESIALIDADES CENTENARIO DE LA REVOLUCION MEXICANA', 8),
(888, '', 'REPRESENTACIÓN ESTATAL ISSSTE HIDALGO', 8),
(889, '', 'HOSPITAL GENERAL DRA. COLUMBA RIVERA OSORIO', 8),
(890, '', 'CLINICA DE MEDICINA FAMILIAR E-20 PACHUCA', 8),
(891, '', 'CENTRO CULTURAL Y CASA DE DIA', 8),
(892, '', 'ESTANCIA DE BIENESTAR Y DESARROLLO INFANTIL No. 75', 8),
(893, '', 'ESTANCIA DE BIENESTAR Y DESARROLLO INFANTIL No. 76', 8),
(894, '', 'ESTANCIA DE BIENESTAR Y DESARROLLO INFANTIL No. 77', 8),
(895, '', 'CUBRE DESCANSOS DRA. COLUMBA', 8),
(896, '', 'CUBRE DESCANSOS UMF E-20', 8),
(897, '', 'CUBRE DESCANSOS', 8),
(898, '', 'UNIDAD DE MEDICINA FAMILIAR ACTOPAN', 8),
(899, '', 'UNIDAD DE MEDICINA FAMILIAR MINERAL DEL MONTE', 8),
(900, '', 'CLINICA HOSPITAL IXMIQUILPAN', 8),
(901, '', 'UNIDAD DE MEDICINA FAMILIAR HUICHAPAN', 8),
(902, '', 'UNIDAD DE MEDICINA FAMILIAR JACALA', 8),
(903, '', 'UNIDAD DE MEDICINA FAMILIAR TASQUILLO', 8),
(904, '', 'UNIDAD DE MEDICINA FAMILIAR TECOZAUTLA', 8),
(905, '', 'CLINICA DE MEDICINA FAMILIAR MIXQUIAHUALA', 8),
(906, '', 'UNIDAD DE MEDICINA FAMILIAR TEPATEPEC', 8),
(907, '', 'UNIDAD DE MEDICINA FAMILIAR TEZONTEPEC', 8),
(908, '', 'UNIDAD DE MEDICINA FAMILIAR TEPEJI DEL RIO', 8),
(909, '', 'UNIDAD DE MEDICINA TLAXCOAPAN ', 8),
(910, '', 'UNIDAD DE MEDICINA FAMILIAR TULA DE ALLENDE', 8),
(911, '', 'ESTANCIA DE BIENESTAR Y DESARROLLO INFANTIL No. 78', 8),
(912, '', 'UNIDAD DE MEDICINA FAMILIAR APAN', 8),
(913, '', 'UNIDAD DE MEDICINA FAMILIAR TEPEAPULCO', 8),
(914, '', 'UNIDAD DE MEDICINA FAMILIAR TIZAYUCA', 8),
(915, '', 'CLINICA DE MEDICINA FAMILIAR TULANCINGO', 8),
(916, '', 'UNIDAD DE MEDICINA FAMILIAR TENANGO DE DORIA', 8),
(917, '', 'UNIDAD DE MEDICINA FAMILIAR MEZTITLAN', 8),
(918, '', 'UNIDAD DE MEDICINA FAMILIAR ZACUALTIPAN', 8),
(919, '', 'CLINICA HOSPITAL HUEJUTLA', 8),
(920, '', 'UNIDAD DE MEDICINA FAMILIAR HUAUTLA', 8),
(921, '', 'UNIDAD DE MEDICINA FAMILIAR MOLANGO', 8),
(922, '', 'UNIDAD DE MEDICINA FAMILIAR SAN FELIPE ORIZATLAN', 8),
(923, '', 'UNIDAD DE MEDICINA FAMILIAR TLANCHINOL', 8),
(924, '', 'DELEG REG NORTE', 8),
(925, '', '249 TEPEPAN', 8),
(926, '', 'DEPARTAMENTO DE SOPORTE TECNICO', 8),
(927, '', 'SAN FERNANDO 12 (abastos)', 8),
(928, '', '252 CIUDADELA ', 8),
(929, '', '58 DOCTORES', 8),
(930, '', '6 MELCHOR OCAMPO', 8),
(931, '', '7 MELCHOR OCAMPO', 8),
(932, '', '7 CORUÑA', 8),
(933, '', '22 BALBUENA', 8),
(934, '', '24 CHAPINGO', 8),
(935, '', '4 COYOACAN', 8),
(936, '', 'CUPA 20 DE NOV', 8),
(937, '', '159 ZARAGOZA', 8),
(938, '', '11 PELUQUEROS', 8),
(939, '', '287 LOMAS VERDES', 8),
(940, '', '110 VILLACOAPA', 8),
(941, '', '265 CULHUACAN', 8),
(942, '', '2 TACUBAYA', 8),
(943, '', 'AUXILIAR ADMINISTRATIVO WORKI', 8),
(944, '', 'CUBRE DESCANSO VILLACOAPA', 8),
(945, '', 'CUBRE DESCANSO CUPA', 8),
(946, '', 'CUBRE DESCANSO BALBUENA', 8),
(947, '', 'CUBRE DESCANSOS DE CHAPINGO ZARAGOZA', 8),
(948, '', '038 DURANGO', 8),
(949, '', '154 CD. ALTAMIRANO GUERRERO', 8),
(950, '', '274 ZIHUATANEJO GUERRERO', 8),
(951, '', '136 HUEJUTLA HIDALGO', 8),
(952, '', '194 IXMIQUILPAN HIDALGO', 8),
(953, '', '229 PACHUCA HIDALGO', 8),
(954, '', 'PACHUCA 303 (PACHUQUITA)', 8),
(955, '', '210 MORELIA MICHOACAN', 8),
(956, '', '301 CUERNAVACA PALMAS MORELOS', 8),
(957, '', '233 CUERNAVACA MORELOS', 8),
(958, '', '212 ROSAMORADA NAYARIT', 8),
(959, '', '143 IZUCAR DE MATAMOROS PUEBLA ', 8),
(960, '', '238 ATLIXCO PUEBLA', 8),
(961, '', '072 NUEVO LAREDO TAMAULIPAS', 8),
(962, '', '151 HUAMANTLA TLAXCALA', 8),
(963, '', '115 TLAXCALA', 8),
(964, '', '069 FRESNILLO ZACATECAS', 8),
(965, '', 'DELEG REGIONAL SUR', 8),
(966, '', 'CENTRALES', 8),
(967, '', 'CENTRALES ', 8),
(968, '', 'DELEG REG ORIENTE', 8),
(969, '', 'DELEGACION PONIENTE', 8),
(970, '', 'CDMX', 8),
(971, '', 'HIDALGO', 8),
(972, '', 'CHIAPAS', 8),
(973, '', 'OAXACA ', 8),
(974, '', 'OAXACA  ', 8),
(975, '', 'TABASCO', 8),
(976, '', 'ISSSTE VERACRUZ', 8),
(977, '', 'COLIMA', 8),
(978, '', 'MICHOACAN', 8),
(979, '', 'JALISCO', 8),
(980, '', 'GUANAJUATO', 8),
(981, '', 'QUERETARO', 8),
(982, '', 'ZACATECAS', 8),
(983, '', 'SAN LUIS POTOSI', 8),
(984, '', 'COAHUILA', 8),
(985, '', 'NUEVO LAREDO', 8),
(986, '', 'ISSSTE GUERRERO ', 8),
(987, '', 'QUINTANA ROO', 8),
(988, '', 'YUCATAN', 8),
(989, '', 'CAMPECGE', 8),
(990, '', 'BAJA CALIFORNIA NORTE', 8),
(991, '', 'BAJA CALIFORNIA SUR', 8),
(992, '', 'SINALOA', 8),
(993, '', 'SONORA', 8),
(994, '', 'HOSPITAL GENERAL LA PAZ', 8),
(995, '', 'E.B.D.1 110', 8),
(996, '', 'E.B.D.1 061', 8),
(997, '', 'U.M.F. COSTA AZUL', 8),
(998, '', 'SUBDELEGACION DE PRESTACIONES', 8),
(999, '', 'DEPARTAMENTOS DE RECURSOS MATERIALES', 8),
(1000, '', 'OFICINA DE ADMINISTRACION DEL ISSSTE', 8),
(1001, '', 'OFICINA DE REPRESENTACION DEL ISSSTE ', 8),
(1002, '', 'CLINICA FAMILIAR LA PAZ', 8),
(1003, '', 'CLINICA HOSPITAL SAN JOSE DEL CABO', 8),
(1004, '', 'CENTRO CULTURA ISSSTE ', 8),
(1005, '', 'U.M.F. CABO SAN LUCAS', 8),
(1006, '', 'CLINICA TODOS SANTOS', 8),
(1007, '', 'CLINICA HOSPITAL CD CONSTITUCION', 8),
(1008, '', 'CLINICA SAN CARLOS BCS', 8),
(1009, '', 'U.M.F. LORETO', 8),
(1010, '', 'CLINICA HOSPITAL STA ROSALIA', 8),
(1011, '', 'SUPERVISOR DE LORETO.STA ROSALI.', 8),
(1012, '', 'CLINICA CD INSURGENTES', 8),
(1013, '', 'CLINICA VIZCAINO', 8),
(1014, '', 'CLINICA SAN IGNACIO', 8),
(1015, '', 'U.M.F. GUERREO NEGRO', 8),
(1016, '', 'CLINICA HOSPITAL CABO SAN LUCAS BCS', 8),
(1017, '', 'ENSENADA ', 8),
(1018, '', 'ENSENDA', 8),
(1019, '', 'SAN FELIPE', 8),
(1020, '', 'SAN QUINTIN', 8),
(1021, '', 'TECATE', 8),
(1022, '', 'HOSPITAL DURANGO', 8),
(1023, '', 'C.M.F. DURANGO', 8),
(1024, '', 'EBDI 35', 8),
(1025, '', 'EBDI 81', 8),
(1026, '', 'CENTRO CULTURAL DURANGO', 8),
(1027, '', 'SUBDELEGACION DE ADMON', 8),
(1028, '', 'RECURSOS MATERIALES Y OBRAS', 8),
(1029, '', 'UMF (SANTIAGO PAPASQ., DGO.', 8),
(1030, '', 'U.M.F. GPE. VICTORIA, DGO.', 8),
(1031, '', 'U.M.F. VICENTE GUERRERO', 8),
(1032, '', 'UMF EL SALTO P.N., DGO.', 8),
(1033, '', 'HG GOMEZ PALACIO DURANGO', 8),
(1034, '', 'UAPE GOMEZ PALACIO DURANGO', 8),
(1035, '', 'CENTRO CULTURAL GOMEZ PALACIO DURANGO', 8),
(1036, '', 'UMF TLAHUALILO DURANGO', 8),
(1037, '', 'UM RODEO', 8),
(1038, '', 'UMF SANTA MARIA DEL ORO', 8),
(1039, '', 'CENTRO CULTURAL GOMEZ PALACIO ', 8),
(1040, '', 'NAYARIT', 8),
(1041, '', 'UNIDAD DE MEDICINA FAMILIAR TLAXCOAPAN', 8),
(1042, '', 'Hospital General', 8),
(1043, '', 'CUBRE DESCANSO DE DOCTORES', 8),
(1044, '', 'CUBRE', 8),
(1045, '', 'ISSSTE MORELOS', 8),
(1046, '', 'ISSSTE HIDALGO', 8),
(1047, '', 'ISSSTE', 8),
(1048, '', 'ISSTE', 8),
(1049, '', 'ISSSTES', 8),
(1050, '', 'ISSSTE ', 8),
(1051, '', 'SUPER ISSSTE NUEVO LEON', 8),
(1052, '', 'SUPER ISSSTE COAHUILA', 8),
(1053, '', 'ISSSTE GUARDERIA ', 8),
(1054, '', 'ISSSTE PALMAS ', 8),
(1055, '', 'ISSSTE OTAY', 8),
(1056, '', 'HOSPITAL ISSSTE', 8),
(1057, '', 'ISSSTE CALLE ', 8),
(1058, '', 'CORPORATIVO', 8),
(1059, '', 'UMF LAS NIEVES', 8),
(1060, '', 'HOSPITAL', 8),
(1061, '', 'HOSPITAL CUBRE DESCANSOS ', 8),
(1062, '', 'ISSSTE LA LOMA', 8),
(1063, '', 'ISSSTE ROSAMORADA', 8),
(1064, '', 'ISSSTE TUXPAN', 8),
(1065, '', 'ISSSTE TECUALA', 8),
(1066, '', 'ISSSTE ACAPONETA', 8),
(1067, '', 'ISSSTE DELEGACION ', 8),
(1068, '', 'ISSSTE ALMACEN', 8),
(1069, '', 'CENDI URES', 8),
(1070, '', 'ISSSTE CATRA', 8),
(1071, '', 'CENDI JUAN ESCUTIA', 8),
(1072, '', 'CLINICA HOSPITAL DR. PATRICIO TRUEBA REGIL', 8),
(1073, '', 'CLINICA HOSPITAN \"C\" CARMEN ', 8),
(1074, '', 'EDIFICIO DELEGACIONAL ', 8),
(1075, '', 'UMF R1 ESCARCEGA', 8),
(1076, '', 'ESTANCIA DE BIENESTAR INFANTIL No. 100', 8),
(1077, '', 'ESTANCIA DE BIENESTAR INFANTIL No. 101', 8),
(1078, '', 'ESTANCIA DE BIENESTAR INFANTIL No. 102', 8),
(1079, '', 'CASA DE DIA JUBILADOS Y PENSIONADOS', 8),
(1080, '', 'ALMACEN DELEGACIONAL', 8),
(1081, '', 'UMF TENABO', 8),
(1082, '', 'UMF CALKINI', 8),
(1083, '', 'UMF HECELCHAKAN', 8),
(1084, '', 'UMF HOPELCHEN', 8),
(1085, '', 'UMF CHAMPOTON', 8),
(1086, '', 'CLINICA HOSPITAL DE CHETUMAL', 8),
(1087, '', 'CLINICA HOSPITAL DE COZUMEL', 8),
(1088, '', 'CLINICA HOSPITAL DE CANCUN', 8),
(1089, '', 'CLIDDA CHETUMAL', 8),
(1090, '', 'DELEGACION ESTATAL', 8),
(1091, '', 'DEPTO. DE ACCION SOCIAL, CULTURAL Y DEPORTIVO', 8),
(1092, '', 'ALMACEN E STATAL', 8),
(1093, '', 'E.B.D.I. No. 091', 8),
(1094, '', 'E.B.D.I. No. 092', 8),
(1095, '', 'U.M.F. DE BACALAR', 8),
(1096, '', 'U.M.F. DE JOSE MA. MORELOS', 8),
(1097, '', 'U.M.F. FELIPE C. PUERTO', 8),
(1098, '', 'U.M.F. PLAYA DEL CARMEN', 8),
(1099, '', 'LOC. KANTUNILKIN', 8),
(1100, '', 'LOC. ISLA MUJERES', 8),
(1101, '', 'MUSEO DE ARTE DE CIUDAD JUÁREZ', 8),
(1102, '', 'OFICINAS CENTRALES', 8),
(1103, '', 'CIUDAD DEL CARMEN', 8),
(1104, '', 'SANTIAGO TULANTEPEC DE LUGO GUERRERO', 8),
(1105, '', '12', 7),
(1106, '', '24', 7),
(1107, '', '', 7),
(1108, '', '24X24', 7),
(1109, '', '12X12', 7),
(1110, '', '24 X 24', 7),
(1111, '', '34X24', 7),
(1112, '', '2', 7),
(1113, '', '13', 7),
(1114, '', '8', 7),
(1115, '', '12*12', 7),
(1116, '', 'JT', 10),
(1117, '', 'GUARDIA', 10),
(1118, '', 'G.A', 10),
(1119, '', 'GA', 10),
(1120, '', 'G.C.', 10),
(1121, '', 'SUPERVISOR', 10),
(1122, '', 'J.T.', 10),
(1123, '', 'GC', 10),
(1124, '', 'S.O', 10),
(1125, '', 'AA', 10),
(1126, '', 'G.C', 10),
(1127, '', 'S.O.', 10),
(1128, '', 'J.T', 10),
(1129, '', 'RH', 10),
(1130, '', 'G.C ', 10),
(1131, '', 'C.O.', 10),
(1132, '', 'C.A.', 10),
(1133, '', 'A.A.', 10),
(1134, '', 'GUARDIA DE SEGURIDAD', 10),
(1135, '', 'JEFE DE TURNO', 10),
(1136, '', 'A', 10),
(1137, '', 'B', 10),
(1138, '', 'C', 10),
(1139, '', 'JS', 10),
(1140, '', 'G.A.', 10),
(1141, '', 'SEGURIDAD', 10),
(1142, '', 'J T', 10),
(1143, '', 'SUP', 10),
(1144, '', 'RT EM', 10),
(1145, '', 'GUARDIA EM', 10),
(1146, '', 'RT', 10),
(1147, '', 'RT ', 10),
(1148, '', 'GUARDIA ', 10),
(1149, '', 'COMODIN', 10),
(1150, '', 'COMODIN ', 10),
(1151, '', 'SUPERVISOR ', 10),
(1152, '', 'SUPERVISION', 10),
(1153, '', 'SUPERVISORA', 10),
(1154, '', 'JEFE TURNO', 10),
(1155, '', 'RESPONSABLE', 10),
(1156, '', 'INSTR', 10),
(1157, '', 'ARMERO', 10),
(1158, '', 'PATRULLERO', 10),
(1159, '', 'ADMIN', 10),
(1160, '', 'FR', 10),
(1161, '', 'RONDIN', 10),
(1162, '', 'RONIDN', 10),
(1163, '', 'CG', 10),
(1164, '', 'VIGILANTE', 10),
(1165, '', 'VIGILANTE ', 10),
(1166, '', 'BANCA', 10),
(1167, '', 'G. B.', 10),
(1168, '', 'AUXILIAR', 10),
(1169, '', 'COORDINADOR', 10),
(1170, '', 'SUB.GERENCIA', 10),
(1171, '', 'AUX. ADMIN.', 10),
(1172, '', 'RECURSOS HUMANOS', 10),
(1173, '', 'CUBRETURNO', 10),
(1174, '', 'G', 10),
(1175, '', 'JG', 10),
(1176, '', 'ADMINISTRATIVO', 10),
(1177, '', 'SUPERVISOR A.K', 10),
(1178, '', 'GUARDIA  ', 10),
(1179, '', 'GERENTE', 10),
(1180, '', 'COORDINADORA', 10),
(1181, '', 'MEDICO', 10),
(1182, '', 'GURADIA', 10),
(1183, '', 'COORDINADOR METROPOLIOTANA', 10),
(1184, '', 'CUENTA ENLACE METRO', 10),
(1185, '', 'COORDINADOR DE GRO', 10),
(1186, '', 'COORDINADOR CENTRO SUR', 10),
(1187, '', 'COORDINADOR FNML Y SUP.', 10),
(1188, '', 'SUPERVISOR MEXIBUS CDMX', 10),
(1189, '', 'ENLACE', 10),
(1190, '', 'GB', 10),
(1191, '', 'CUBRE TURNO', 10),
(1192, '', 'GUARDIA SEG', 10),
(1193, '', 'JEFE DE TURNO ', 10),
(1194, '', 'CD', 10),
(1195, '', 'CCO', 10),
(1196, '', 'JT ', 10),
(1197, '', 'GUARDIA NOCTURNO', 10),
(1198, '', 'CUBRE DESCANSOS', 10),
(1199, '', 'SUPERVISOR ISSSTE CDMX', 10),
(1200, '', 'SUPERVISOR ISSSTE EDO. MEX.', 10),
(1201, '', 'JEFE DE SERVICIO COMPLEJO ', 10),
(1202, '', 'COORDINADOR ISSSTE FORANEO MORELOS', 10),
(1203, '', 'SUPERVISOR MORELOS', 10),
(1204, '', 'RH MORELOS ', 10),
(1205, '', 'SUPERVISOR ISSSTE HIDALGO', 10),
(1206, '', 'RH HIDALGO', 10),
(1207, '', 'PUESTO', 10),
(1208, '', 'SUPER INT', 10),
(1209, '', 'SUP. INT.', 10),
(1210, '', 'E.S.', 10),
(1211, '', 'E.S', 10),
(1212, '', 'ADM', 10),
(1213, '', 'COORD.', 10),
(1214, '', 'ADM.', 10),
(1215, '', 'SUP. ', 10),
(1216, '', 'CUBRE MIXTO', 10),
(1217, '', 'DIURNO', 10),
(1218, '', 'GUARD', 10),
(1219, '', 'GUARDIUA', 10),
(1220, '', 'GUARDUIA', 10),
(1221, '', 'CUBRE TURNOS', 10),
(1222, '', 'GUASRDIA', 10),
(1223, '', 'Semanal', 9),
(1224, '', 'Quincenal', 9),
(1225, '', 'activo', 14),
(1226, '', 'baja', 14),
(1227, '002', 'BANAMEX', 15),
(1228, '006', 'BANCOMEXT', 15),
(1229, '009', 'BANOBRAS', 15),
(1230, '012', 'BBVA BANCOMER', 15),
(1231, '014', 'SANTANDER', 15),
(1232, '019', 'BANJERCITO', 15),
(1233, '021', 'HSBC', 15),
(1234, '030', 'BAJIO', 15),
(1235, '032', 'IXE', 15),
(1236, '036', 'INBURSA', 15),
(1237, '037', 'INTERACCIONES', 15),
(1238, '042', 'MIFEL', 15),
(1239, '044', 'SCOTIABANK', 15),
(1240, '058', 'BANREGIO', 15),
(1241, '059', 'INVEX', 15),
(1242, '060', 'BANSI', 15),
(1243, '062', 'AFIRME', 15),
(1244, '072', 'BANORTE', 15),
(1245, '102', 'THE ROYAL BANK', 15),
(1246, '103', 'AMERICAN EXPRESS', 15),
(1247, '106', 'BAMSA', 15),
(1248, '108', 'TOKYO', 15),
(1249, '110', 'JP MORGAN', 15),
(1250, '112', 'BMONEX', 15),
(1251, '113', 'VE POR MAS', 15),
(1252, '116', 'ING', 15),
(1253, '124', 'DEUTSCHE', 15),
(1254, '126', 'CREDIT SUISSE', 15),
(1255, '127', 'AZTECA', 15),
(1256, '128', 'AUTOFIN', 15),
(1257, '129', 'BARCLAYS', 15),
(1258, '130', 'COMPARTAMOS', 15),
(1259, '131', 'BANCO FAMSA', 15),
(1260, '132', 'BMULTIVA', 15),
(1261, '133', 'ACTINVER', 15),
(1262, '134', 'WAL-MART', 15),
(1263, '135', 'NAFIN', 15),
(1264, '136', 'INTERBANCO', 15),
(1265, '137', 'BANCOPPEL', 15),
(1266, '138', 'ABC CAPITAL', 15),
(1267, '139', 'UBS BANK', 15),
(1268, '140', 'CONSUBANCO', 15),
(1269, '141', 'VOLKSWAGEN', 15),
(1270, '143', 'CIBANCO', 15),
(1271, '145', 'BBASE', 15),
(1272, '166', 'BANSEFI', 15),
(1273, '168', 'HIPOTECARIA FEDERAL', 15),
(1274, '600', 'MONEXCB', 15),
(1275, '601', 'GBM', 15),
(1276, '602', 'MASARI', 15),
(1277, '605', 'VALUE', 15),
(1278, '606', 'ESTRUCTURADORES', 15),
(1279, '607', 'TIBER', 15),
(1280, '608', 'VECTOR', 15),
(1281, '610', 'B&B', 15),
(1282, '614', 'ACCIVAL', 15),
(1283, '615', 'MERRILL LYNCH', 15),
(1284, '616', 'FINAMEX', 15),
(1285, '617', 'VALMEX', 15),
(1286, '618', 'UNICA', 15),
(1287, '619', 'MAPFRE', 15),
(1288, '620', 'PROFUTURO', 15),
(1289, '621', 'CB ACTINVER', 15),
(1290, '622', 'OACTIN', 15),
(1291, '623', 'SKANDIA', 15),
(1292, '626', 'CBDEUTSCHE', 15),
(1293, '627', 'ZURICH', 15),
(1294, '628', 'ZURICHVI', 15),
(1295, '629', 'SU CASITA', 15),
(1296, '630', 'CB INTERCAM', 15),
(1297, '631', 'CI BOLSA', 15),
(1298, '632', 'BULLTICK CB', 15),
(1299, '633', 'STERLING', 15),
(1300, '634', 'FINCOMUN', 15),
(1301, '636', 'HDI SEGUROS', 15),
(1302, '637', 'ORDER', 15),
(1303, '638', 'AKALA', 15),
(1304, '640', 'CB JPMORGAN', 15),
(1305, '642', 'REFORMA', 15),
(1306, '646', 'STP', 15),
(1307, '647', 'TELECOMM', 15),
(1308, '648', 'EVERCORE', 15),
(1309, '649', 'SKANDIA', 15),
(1310, '651', 'SEGMTY', 15),
(1311, '652', 'ASEA', 15),
(1312, '653', 'KUSPIT', 15),
(1313, '655', 'SOFIEXPRESS', 15),
(1314, '656', 'UNAGRA', 15),
(1315, '659', 'OPCIONES EMPRESARIALES DEL NOROESTE', 15),
(1316, '901', 'CLS', 15),
(1317, '902', 'INDEVAL', 15),
(1318, '670', 'LIBERTAD', 15),
(1319, '', 'por asignar', 12);

-- --------------------------------------------------------

--
-- Estructura de tabla para la tabla `regional`
--

CREATE TABLE `regional` (
  `id` int(10) NOT NULL,
  `id_empleado` int(10) NOT NULL,
  `id_zona` int(10) NOT NULL
) ENGINE=InnoDB DEFAULT CHARSET=utf8 COLLATE=utf8_general_ci;

--
-- Volcado de datos para la tabla `regional`
--

INSERT INTO `regional` (`id`, `id_empleado`, `id_zona`) VALUES
(1, 3, 0),
(2, 4, 0);

-- --------------------------------------------------------

--
-- Estructura de tabla para la tabla `usuario`
--

CREATE TABLE `usuario` (
  `id` int(10) NOT NULL,
  `nombre` varchar(255) NOT NULL,
  `correo` varchar(255) NOT NULL,
  `name_user` varchar(50) NOT NULL,
  `paterno` varchar(255) NOT NULL,
  `materno` varchar(255) NOT NULL,
  `password` text NOT NULL,
  `estatus` int(10) NOT NULL,
  `id_rol` int(10) NOT NULL
) ENGINE=InnoDB DEFAULT CHARSET=utf8mb4 COLLATE=utf8mb4_general_ci;

--
-- Volcado de datos para la tabla `usuario`
--

INSERT INTO `usuario` (`id`, `nombre`, `correo`, `name_user`, `paterno`, `materno`, `password`, `estatus`, `id_rol`) VALUES
(1, 'Carlos', 'carlos@example.com', 'carlosr', 'Ramírez', 'Gómez', '$argon2id$v=19$m=65536,t=4,p=1$RnB0T1hBVFhJLjBiWk9UYw$wIEwi+0amxbnxZs4zW1ilmHNRyfx9BWqpk4/qnesfAY', 1, 1),
(4, 'Ellioth', 'Ellioth@example.com', 'ElliothM', 'Madrigal', 'Gonzalez', '$argon2id$v=19$m=65536,t=4,p=1$ZzhRclBTUnZaY0ZkWTFrdQ$mAhXLEI+XAMHNS/wCWJqQYFIa/tbXPpo4/cSBlTYxMk', 1, 1);

--
-- Índices para tablas volcadas
--

--
-- Indices de la tabla `catalogo`
--
ALTER TABLE `catalogo`
  ADD PRIMARY KEY (`id`);

--
-- Indices de la tabla `empleados`
--
ALTER TABLE `empleados`
  ADD PRIMARY KEY (`id`);

--
-- Indices de la tabla `logs`
--
ALTER TABLE `logs`
  ADD PRIMARY KEY (`id`);

--
-- Indices de la tabla `logs_usuarios`
--
ALTER TABLE `logs_usuarios`
  ADD PRIMARY KEY (`id`);

--
-- Indices de la tabla `menu`
--
ALTER TABLE `menu`
  ADD PRIMARY KEY (`id`);

--
-- Indices de la tabla `multicatalogo`
--
ALTER TABLE `multicatalogo`
  ADD PRIMARY KEY (`id`);

--
-- Indices de la tabla `regional`
--
ALTER TABLE `regional`
  ADD PRIMARY KEY (`id`);

--
-- Indices de la tabla `usuario`
--
ALTER TABLE `usuario`
  ADD PRIMARY KEY (`id`);

--
-- AUTO_INCREMENT de las tablas volcadas
--

--
-- AUTO_INCREMENT de la tabla `catalogo`
--
ALTER TABLE `catalogo`
  MODIFY `id` int(10) NOT NULL AUTO_INCREMENT, AUTO_INCREMENT=16;

--
-- AUTO_INCREMENT de la tabla `empleados`
--
ALTER TABLE `empleados`
  MODIFY `id` int(10) NOT NULL AUTO_INCREMENT, AUTO_INCREMENT=6;

--
-- AUTO_INCREMENT de la tabla `logs`
--
ALTER TABLE `logs`
  MODIFY `id` int(10) NOT NULL AUTO_INCREMENT;

--
-- AUTO_INCREMENT de la tabla `logs_usuarios`
--
ALTER TABLE `logs_usuarios`
  MODIFY `id` int(10) NOT NULL AUTO_INCREMENT;

--
-- AUTO_INCREMENT de la tabla `menu`
--
ALTER TABLE `menu`
  MODIFY `id` int(11) NOT NULL AUTO_INCREMENT;

--
-- AUTO_INCREMENT de la tabla `multicatalogo`
--
ALTER TABLE `multicatalogo`
  MODIFY `id` int(10) NOT NULL AUTO_INCREMENT, AUTO_INCREMENT=1320;

--
-- AUTO_INCREMENT de la tabla `regional`
--
ALTER TABLE `regional`
  MODIFY `id` int(10) NOT NULL AUTO_INCREMENT, AUTO_INCREMENT=3;

--
-- AUTO_INCREMENT de la tabla `usuario`
--
ALTER TABLE `usuario`
  MODIFY `id` int(10) NOT NULL AUTO_INCREMENT, AUTO_INCREMENT=5;
COMMIT;

/*!40101 SET CHARACTER_SET_CLIENT=@OLD_CHARACTER_SET_CLIENT */;
/*!40101 SET CHARACTER_SET_RESULTS=@OLD_CHARACTER_SET_RESULTS */;
/*!40101 SET COLLATION_CONNECTION=@OLD_COLLATION_CONNECTION */;
